City_ID,City,Lat,Lng,Max Temp,Humidity,Cloudiness,Wind Speed,Country,Date
0,puerto ayora,-0.7393,-90.3518,20.86,96,97,1.34,EC,1730335777
1,port elizabeth,-33.918,25.5701,16.29,88,75,2.06,ZA,1730335779
2,port alfred,-33.5906,26.891,12.88,96,5,3.65,ZA,1730335780
3,port-aux-francais,-49.35,70.2167,4.25,85,32,12.17,TF,1730335781
4,tiksi,71.6872,128.8694,-24.06,100,77,1.42,RU,1730335782
5,invercargill,-46.4,168.35,13.34,87,100,7.6,NZ,1730335693
6,trairi,-3.2778,-39.2689,25.38,76,100,5.13,BR,1730335784
7,georgetown,5.4112,100.3354,25.97,89,20,1.54,MY,1730335785
8,adamstown,-25.066,-130.1015,21.09,74,95,11.53,PN,1730335786
9,linxia chengguanzhen,35.6003,103.2064,5.18,76,100,0.02,CN,1730335788
10,changsha,28.2,112.9667,15.09,49,0,2.52,CN,1730335789
11,jamestown,42.097,-79.2353,20.01,54,0,4.63,US,1730335790
12,margaret river,-33.95,115.0667,19.75,56,99,1.85,AU,1730335791
13,egilsstadir,65.2653,-14.3948,-0.05,69,0,2.06,IS,1730335792
14,yellowknife,62.456,-114.3525,-10.71,85,75,2.06,CA,1730335793
15,lensk,60.7253,114.9278,-11.45,95,99,0.74,RU,1730335794
16,port mathurin,-19.6833,63.4167,22.99,67,39,7.47,MU,1730335796
17,blackmans bay,-43.0167,147.3167,13.18,70,73,5.79,AU,1730335797
18,holualoa,19.6228,-155.9522,27.13,76,0,3.09,US,1730335798
19,grytviken,-54.2811,-36.5092,0.17,83,38,4.88,GS,1730335799
20,khandyga,62.6667,135.6,-17.25,89,100,0.06,RU,1730335800
21,dudinka,69.4058,86.1778,-10.64,95,100,5.15,RU,1730335801
22,anadyr,64.75,177.4833,-0.72,74,75,14.0,RU,1730335802
23,kokoda,-8.8785,147.7407,30.79,63,100,1.07,PG,1730335804
24,nyurba,63.2842,118.3319,-22.42,98,100,0.33,RU,1730335805
25,hazaribagh,23.9833,85.35,21.09,75,7,1.18,IN,1730335806
26,bredasdorp,-34.5322,20.0403,13.75,88,4,1.9,ZA,1730335807
27,geraldton,-28.7667,114.6,25.23,47,0,3.09,AU,1730335808
28,suva,-18.1416,178.4415,27.71,78,75,3.09,FJ,1730335809
29,murehwa,-17.6432,31.784,18.42,83,100,2.29,ZW,1730335810
30,manicore,-5.8092,-61.3003,30.97,42,99,1.33,BR,1730335812
31,esikhaleni,-28.871,31.8996,18.86,82,100,5.77,ZA,1730335813
32,lebu,-37.6167,-73.65,11.41,94,59,3.65,CL,1730335814
33,sisimiut,66.9395,-53.6735,-8.86,62,14,7.5,GL,1730335815
34,ust-nera,64.5667,143.2,-19.43,98,98,2.25,RU,1730335816
35,longyearbyen,78.2186,15.6401,-7.09,63,20,3.09,SJ,1730335817
36,hami,42.8,93.45,7.15,48,49,1.94,CN,1730335818
37,ushuaia,-54.8,-68.3,6.81,61,20,8.75,AR,1730335820
38,olonkinbyen,70.9221,-8.7187,-5.28,53,100,9.18,SJ,1730335821
39,aasiaat,68.7098,-52.8699,-12.52,76,99,5.96,GL,1730335822
40,vorgashor,67.5833,63.95,-5.2,93,97,3.7,RU,1730335823
41,kattivakkam,13.2167,80.3167,27.2,99,0,1.28,IN,1730335824
42,thunder bay,48.4001,-89.3168,4.99,81,75,1.54,CA,1730335796
43,alotau,-10.3069,150.4462,27.94,68,100,2.37,PG,1730335826
44,ola,59.5833,151.2833,-7.07,57,100,8.49,RU,1730335827
45,puerto natales,-51.7236,-72.4875,8.28,96,100,1.97,CL,1730335829
46,lionel town,17.8101,-77.2406,25.31,84,30,3.17,JM,1730335830
47,fada,7.25,4.0667,22.88,97,11,1.07,NG,1730335831
48,safi,32.1667,-8.8333,16.08,82,0,5.16,MA,1730335832
49,macapa,0.0389,-51.0664,29.99,79,40,7.72,BR,1730335833
50,kodiak,57.79,-152.4072,5.73,56,0,2.57,US,1730335834
51,tosontsengel,48.7567,98.2839,-8.71,75,10,1.23,MN,1730335835
52,sandnessjoen,66.0217,12.6316,4.57,68,100,8.67,NO,1730335837
53,hamilton,39.1834,-84.5333,21.65,62,0,2.68,US,1730335838
54,papao,-17.75,-149.55,28.82,70,17,7.55,PF,1730335839
55,thompson,55.7435,-97.8558,-3.91,54,20,3.6,CA,1730335840
56,supaul,26.1167,86.6,24.07,74,3,1.71,IN,1730335841
57,burutu,5.3509,5.5076,25.14,89,18,2.29,NG,1730335842
58,margate,51.3813,1.3862,12.71,88,100,0.64,GB,1730335844
59,ouarzazat,30.9189,-6.8934,13.16,50,0,1.03,MA,1730335846
60,tataouine,32.9297,10.4518,19.61,81,53,2.73,TN,1730335847
61,papatowai,-46.5619,169.4708,13.84,74,100,5.09,NZ,1730335848
62,alofi,-19.0595,-169.9187,28.94,65,75,4.12,NU,1730335849
63,constantia,44.1833,28.65,11.5,65,16,2.36,RO,1730335850
64,waitangi,-43.9535,-176.5597,13.79,80,25,4.47,NZ,1730335849
65,lubango,-14.9172,13.4925,19.92,18,100,3.6,AO,1730335853
66,kolonia,50.9333,6.95,13.31,91,100,0.51,DE,1730335801
67,port lincoln,-34.7333,135.8667,16.92,67,66,4.87,AU,1730335855
68,talnakh,69.4865,88.3972,-12.81,94,100,3.46,RU,1730335856
69,nephi,39.7102,-111.8363,0.62,72,28,1.07,US,1730335799
70,touros,-5.1989,-35.4608,25.22,75,70,5.61,BR,1730335858
71,yamada,39.4667,141.95,16.08,54,3,1.12,JP,1730335859
72,mobara,35.4167,140.3,19.67,47,14,3.12,JP,1730335860
73,stanley,54.868,-1.6985,11.01,94,75,6.17,GB,1730335850
74,saipan,15.1355,145.701,31.39,66,75,7.72,MP,1730335863
75,tangalle,6.024,80.7911,25.48,89,91,2.82,LK,1730335864
76,nadym,65.5333,72.5167,-5.47,91,100,4.61,RU,1730335866
77,isafjordur,66.0755,-23.124,-2.03,92,96,2.94,IS,1730335868
78,la passe,45.5549,-0.8967,15.07,85,0,3.94,FR,1730335869
79,chon daen,16.1895,100.8596,24.72,85,96,0.6,TH,1730335871
80,iqaluit,63.7506,-68.5145,-0.15,86,100,9.26,CA,1730335872
81,lluta,-16.0147,-72.0142,11.72,38,99,0.98,PE,1730335873
82,island harbour,50.724,-1.2758,12.21,71,29,3.35,GB,1730335874
83,qaqortoq,60.7167,-46.0333,-11.69,62,0,3.43,GL,1730335875
84,t'ongch'on-up,38.9539,127.8917,16.31,61,82,0.78,KP,1730335876
85,eloy,32.7559,-111.5548,21.02,24,100,1.98,US,1730335877
86,glace bay,46.1969,-59.957,4.88,76,100,2.68,CA,1730335879
87,bethel,41.3712,-73.414,18.7,79,100,1.34,US,1730335880
88,acs,47.7123,18.0113,8.06,100,20,2.06,HU,1730335881
89,pontianak,-0.0333,109.3333,26.99,94,75,0.0,ID,1730335882
90,beya,53.0533,90.9139,1.25,66,100,3.84,RU,1730335883
91,montepuez,-13.1256,38.9997,21.24,89,84,2.18,MZ,1730335884
92,edinburgh of the seven seas,-37.0676,-12.3116,13.27,80,4,6.72,SH,1730335885
93,carnarvon,-24.8667,113.6333,28.03,47,0,4.13,AU,1730335887
94,avarua,-21.2078,-159.775,26.03,65,20,7.2,CK,1730335888
95,kapuskasing,49.4169,-82.4331,6.0,100,100,4.12,CA,1730335889
96,lekki,6.3607,4.8333,24.34,94,20,1.05,NG,1730335891
97,minas de marcona,-15.2119,-75.1103,13.61,79,70,4.18,PE,1730335892
98,fale old settlement,-9.3852,-171.2468,28.56,71,99,6.58,TK,1730335893
99,kingston,17.997,-76.7936,26.53,78,40,3.09,JM,1730335894
100,sal rei,16.1833,-22.9167,25.26,75,100,5.25,CV,1730335895
101,pasighat,28.0667,95.3333,22.41,76,24,0.74,IN,1730335897
102,hermanus,-34.4187,19.2345,13.78,81,1,4.37,ZA,1730335898
103,sungai penuh,-2.0833,101.3833,21.62,84,98,1.04,ID,1730335899
104,moranbah,-22.0016,148.0466,31.3,24,4,3.26,AU,1730335900
105,puerto madero,14.7208,-92.4215,28.27,74,22,2.25,MX,1730335901
106,urengoy,65.9667,78.3667,-4.66,95,100,4.71,RU,1730335902
107,aiken,33.5835,-81.5998,22.01,77,0,2.57,US,1730335903
108,okoneshnikovo,54.8377,75.0834,-0.97,82,15,1.11,RU,1730335905
109,crucecita,-28.95,-58.9833,22.79,54,0,4.84,AR,1730335906
110,whitehorse,60.7161,-135.0538,-2.77,85,75,2.06,CA,1730335907
111,cooper's town,26.8667,-77.5167,25.51,66,100,11.8,BS,1730335909
112,susuman,62.7833,148.1667,-14.2,85,100,2.81,RU,1730335910
113,greenville,35.6127,-77.3663,20.63,85,0,2.06,US,1730335911
114,nakamura,32.9833,132.9333,20.14,65,100,2.28,JP,1730335912
115,aliwal north,-30.6937,26.7114,9.09,74,0,2.46,ZA,1730335914
116,albany,42.6001,-73.9662,18.58,74,100,0.45,US,1730335915
117,uturoa,-16.7333,-151.4333,25.54,69,100,6.88,PF,1730335916
118,atafu village,-8.5421,-172.5159,28.35,69,97,6.33,TK,1730335917
119,utrik,11.2278,169.8474,28.45,78,100,6.01,MH,1730335918
120,west island,-12.1568,96.8225,26.99,78,20,4.63,CC,1730335919
121,flying fish cove,-10.4217,105.6791,26.82,89,75,4.63,CX,1730335921
122,wailua homesteads,22.0669,-159.378,27.44,78,75,8.75,US,1730335922
123,yauya,-8.9833,-77.3,12.55,70,72,2.36,PE,1730335923
124,maluso,6.543,121.8753,29.37,70,99,1.05,PH,1730335924
125,amungan,15.3652,119.9582,26.5,88,100,2.84,PH,1730335925
126,antsiranana,-12.2787,49.2917,23.85,78,11,6.86,MG,1730335926
127,tura,25.5198,90.2201,22.6,85,56,1.14,IN,1730335927
128,nouadhibou,20.931,-17.0347,21.99,64,100,4.63,MR,1730335928
129,remire-montjoly,4.9167,-52.2667,26.02,89,0,0.0,GF,1730335930
130,tofol,5.3248,163.0078,24.88,94,75,2.57,FM,1730335931
131,kurumkan,54.3,110.3,-2.74,87,63,1.43,RU,1730335932
132,petropavlovsk-kamchatsky,53.0452,158.6483,2.33,35,20,7.0,RU,1730335933
133,labrador city,52.9463,-66.9114,0.95,93,100,30.4,CA,1730335934
134,east london,-33.0153,27.9116,15.04,78,0,3.77,ZA,1730335935
135,arraial do cabo,-22.9661,-42.0278,19.98,100,40,0.0,BR,1730335938
136,that phanom,16.9364,104.7104,23.36,82,100,2.12,TH,1730335939
137,madalena,41.2162,-8.3345,15.32,96,100,1.42,PT,1730335940
138,iskateley,67.6803,53.1512,0.57,77,100,8.32,RU,1730335941
139,ribeira grande,38.5167,-28.7,20.43,91,9,5.81,PT,1730335942
140,lihue,21.9789,-159.3672,27.77,74,75,8.75,US,1730335943
141,nova vicosa,-17.8919,-39.3719,22.22,89,100,1.53,BR,1730335944
142,kyelang,32.5833,77.0333,-1.69,62,9,2.58,IN,1730335946
143,yefremov,53.1481,38.0992,8.93,91,100,9.67,RU,1730335947
144,malvan,16.0667,73.4667,25.45,86,0,1.91,IN,1730335949
145,weno,7.4515,151.8468,30.97,79,75,3.6,FM,1730335950
146,pagsanghan,11.9657,124.7212,28.68,76,100,3.52,PH,1730335952
147,prince rupert,54.3161,-130.3201,9.05,81,100,7.72,CA,1730335953
148,kodinsk,58.6881,99.1844,-1.59,95,100,1.52,RU,1730335954
149,bikenibeu village,1.3673,173.1241,30.98,66,20,1.54,KI,1730335955
150,college,64.8569,-147.8028,-9.96,80,20,0.0,US,1730335956
151,mayna,54.1135,47.6231,2.38,80,100,7.9,RU,1730335957
152,stranraer,54.9023,-5.0273,12.74,93,100,4.49,GB,1730335958
153,hawaiian paradise park,19.5933,-154.9731,25.49,88,75,0.89,US,1730335959
154,kuta,-8.7233,115.1723,25.97,94,75,2.06,ID,1730335961
155,bereket,39.2446,55.5154,11.66,52,89,2.97,TM,1730335962
156,dubbo,-32.25,148.6167,29.07,18,77,4.63,AU,1730335963
157,ilulissat,69.2167,-51.1,-8.99,41,75,10.29,GL,1730335965
158,klyuchi,52.2667,79.1667,-0.36,72,40,3.14,RU,1730335966
159,saint-pierre,-21.3393,55.4781,20.82,68,0,3.09,RE,1730335967
160,san mariano,7.5,126.0,26.2,83,100,0.04,PH,1730335968
161,champerico,14.3,-91.9167,28.01,77,78,2.74,GT,1730335970
162,raduzhny,62.0961,77.475,-1.26,90,99,2.57,RU,1730335971
163,sitka,57.0531,-135.33,11.94,54,40,5.66,US,1730335972
164,tolanaro,-25.0319,46.9987,25.04,78,75,5.14,MG,1730335973
165,seoni malwa,22.45,77.4667,20.47,59,5,1.67,IN,1730335974
166,mount gambier,-37.8333,140.7667,15.57,57,92,4.68,AU,1730335941
167,dolores,-36.3132,-57.6792,18.09,77,98,4.69,AR,1730335978
168,laojunmiao,39.8333,97.7333,3.62,49,0,1.62,CN,1730335979
169,kavaratti,10.5669,72.642,27.4,68,37,1.97,IN,1730335980
170,vanino,49.0869,140.2543,7.33,51,25,4.99,RU,1730335981
171,bilibino,68.0546,166.4372,-11.95,89,100,2.92,RU,1730335982
172,luena,-11.7833,19.9167,16.82,96,99,1.74,AO,1730335983
173,qarazhal,48.0078,70.7903,3.93,96,100,7.19,KZ,1730335984
174,hilo,19.7297,-155.09,25.61,94,75,0.45,US,1730335986
175,ulladulla,-35.35,150.4667,18.44,70,100,4.84,AU,1730335987
176,tromso,69.6496,18.957,1.01,69,75,5.14,NO,1730335988
177,arno,60.1167,18.6333,4.86,66,100,5.38,SE,1730335989
178,new norfolk,-42.7826,147.0587,13.84,52,80,1.92,AU,1730335990
179,andergrove,-21.0833,149.1833,25.94,59,1,5.72,AU,1730335991
180,manjeshvar,12.7,74.8833,24.66,92,22,2.15,IN,1730335992
181,metlili chaamba,32.2667,3.6333,19.52,68,0,1.54,DZ,1730335993
182,priozersk,61.0393,30.1291,2.83,59,38,7.41,RU,1730335995
183,flin flon,54.7682,-101.865,-2.68,63,98,2.32,CA,1730335996
184,magadan,59.5667,150.8,-7.3,59,100,5.26,RU,1730335997
185,yamaguchi,34.1858,131.4714,16.93,59,100,1.81,JP,1730335998
186,st. john's,47.5649,-52.7093,1.2,83,40,1.03,CA,1730335861
187,horta,38.5333,-28.6333,20.01,91,14,5.81,PT,1730336000
188,guiuan,11.0333,125.7247,28.53,81,100,6.92,PH,1730336001
189,kimbe,-5.5502,150.1429,29.93,72,36,2.49,PG,1730336002
190,fort mcmurray,56.7268,-111.381,-3.23,74,100,2.57,CA,1730335942
191,leava,-14.3,-178.1667,27.38,77,8,2.68,WF,1730336005
192,davlekanovo,54.2215,55.0343,1.53,90,100,4.68,RU,1730336006
193,okha,53.5739,142.9478,-0.23,64,100,8.1,RU,1730336007
194,san ignacio de velasco,-16.3667,-60.95,24.09,82,48,1.68,BO,1730336008
195,nuuk,64.1835,-51.7216,-4.66,50,5,1.54,GL,1730336009
196,nova sintra,14.8667,-24.7167,26.17,76,100,5.13,CV,1730336010
197,burlington,39.8835,-74.6413,17.99,75,0,3.09,US,1730336012
198,nemuro,43.3236,145.575,10.44,58,11,7.89,JP,1730336013
199,fort bragg,35.139,-79.006,20.75,84,0,0.0,US,1730336014
200,peniche,39.3558,-9.3811,15.11,93,94,3.83,PT,1730336015
201,panchgani,17.9167,73.8167,19.55,84,0,1.78,IN,1730336017
202,zhezqazghan,47.7833,67.7667,4.32,100,100,3.0,KZ,1730336018
203,lompoc,34.6391,-120.4579,17.23,70,0,3.09,US,1730335879
204,port hedland,-20.3167,118.5667,36.03,20,76,3.6,AU,1730336021
205,aweil,8.7682,27.4002,25.26,70,97,1.45,SS,1730336022
206,katsuren-haebaru,26.3369,127.8719,30.22,79,75,9.26,JP,1730336023
207,cabo san lucas,22.8909,-109.9124,28.17,74,75,2.06,MX,1730335340
208,ancud,-41.8697,-73.8203,9.63,95,7,1.65,CL,1730336026
209,gadzhiyevo,69.2551,33.3362,1.57,77,100,8.05,RU,1730336027
210,isangel,-19.55,169.2667,24.48,68,100,5.11,VU,1730336028
211,hasaki,35.7333,140.8333,18.66,55,28,4.68,JP,1730336030
212,howard springs,-12.497,131.047,25.95,59,94,3.21,AU,1730336031
213,pionerskiy,54.9508,20.2275,9.91,80,100,8.16,RU,1730336032
214,nasiriyah,31.0521,46.261,20.53,44,100,4.13,IQ,1730336033
215,mitu,1.1983,-70.1733,23.51,88,16,1.17,CO,1730336034
216,muravlenko,63.7898,74.523,-5.35,96,83,4.57,RU,1730336035
217,broken arrow,36.0526,-95.7908,27.76,51,100,7.72,US,1730336036
218,kayangel,8.0823,134.7173,29.1,74,31,4.53,PW,1730336038
219,marhaura,25.9667,84.8667,24.58,62,1,1.36,IN,1730336039
220,monrovia,6.3005,-10.7969,25.49,86,100,3.94,LR,1730335852
221,al harithah,30.7186,47.7208,18.98,63,75,5.14,IQ,1730336041
222,castillos,-34.1667,-53.8333,16.63,97,45,2.86,UY,1730336042
223,colonia,50.9333,6.95,13.31,91,100,0.51,DE,1730336043
224,san luis de la loma,17.2706,-100.8939,26.97,86,100,2.29,MX,1730336044
225,kiunga,-6.1219,141.2906,26.1,86,100,0.78,PG,1730336045
226,gaya,24.7833,85.0,23.42,69,9,1.1,IN,1730336048
227,fortuna,40.5982,-124.1573,11.07,95,100,4.12,US,1730336049
228,vila velha,-20.3297,-40.2925,22.97,96,75,5.14,BR,1730336050
229,gaalkacyo,6.7697,47.4308,24.9,72,5,5.84,SO,1730336051
230,moree,-29.4667,149.85,31.15,18,3,2.54,AU,1730336052
231,harper,4.375,-7.7169,24.89,90,91,2.65,LR,1730336053
232,guasdualito,7.2424,-70.7324,27.98,83,40,1.03,VE,1730336054
233,bardsir,29.9227,56.5743,12.48,45,1,0.98,IR,1730336056
234,tingo maria,-9.2895,-76.0088,23.03,90,92,1.04,PE,1730336057
235,libenge,3.65,18.6333,21.66,96,100,0.96,CD,1730336058
236,cidreira,-30.1811,-50.2056,20.3,88,35,9.53,BR,1730336059
237,alice springs,-23.7,133.8833,31.75,9,11,4.12,AU,1730336060
238,barra de santo antonio,-9.4047,-35.5072,24.3,76,4,4.29,BR,1730336061
239,vila franca do campo,37.7167,-25.4333,18.27,99,3,2.96,PT,1730336062
240,baise city,23.8997,106.6133,24.08,99,0,0.69,CN,1730336064
241,ruiz,21.95,-105.15,23.84,86,0,0.91,MX,1730336065
242,tazacorte,28.629,-17.9293,18.54,81,0,3.6,ES,1730336066
243,buala,-8.145,159.5921,27.9,78,100,1.4,SB,1730336067
244,port saint john's,-31.6229,29.5448,15.97,80,8,4.35,ZA,1730336068
245,sorong,-0.8833,131.25,29.61,71,83,0.49,ID,1730336069
246,mandla,22.6,80.3833,20.08,75,3,1.18,IN,1730336072
247,valparaiso,-33.0393,-71.6273,13.8,94,100,3.6,CL,1730336073
248,waddan,29.1614,16.139,17.47,74,0,1.42,LY,1730336074
249,dabakala,8.3667,-4.4333,23.23,94,100,1.24,CI,1730336075
250,shache,38.4167,77.2406,8.69,39,0,1.76,CN,1730336076
251,guilin,25.2819,110.2864,16.06,54,0,3.17,CN,1730336077
252,galveston,29.3669,-94.9669,27.24,87,0,6.17,US,1730335785
253,garoowe,8.4054,48.4845,23.4,59,3,4.85,SO,1730336080
254,vorkuta,67.5,64.0,-5.15,93,100,3.38,RU,1730336081
255,mundargi,15.2167,75.9,23.59,77,22,1.39,IN,1730336082
256,tubarjal,30.4999,38.216,18.18,41,0,3.48,SA,1730336083
257,simojovel de allende,17.2,-92.6333,23.71,100,100,0.04,MX,1730336084
258,hithadhoo,-0.6,73.0833,27.34,65,100,1.95,MV,1730336085
259,izki,22.9333,57.7667,23.31,66,0,0.37,OM,1730336086
260,midvagur,62.0511,-7.1939,6.46,93,100,4.63,FO,1730336087
261,gaigeturi,33.4644,126.3183,21.03,64,75,6.17,KR,1730336090
262,catalao,-18.1658,-47.9464,18.28,93,2,2.75,BR,1730336091
263,mata-utu,-13.2816,-176.1745,25.48,83,49,3.26,WF,1730336092
264,locust grove,33.346,-84.1091,19.43,86,0,1.16,US,1730336093
265,praia da vitoria,38.7333,-27.0667,19.14,88,40,5.04,PT,1730336094
266,kotlas,61.2611,46.6556,0.89,96,100,5.43,RU,1730336096
267,wenchang,30.904,118.4887,17.95,78,26,5.78,CN,1730336097
268,quellon,-43.1167,-73.6167,9.35,91,8,2.14,CL,1730336098
269,janauba,-15.8025,-43.3089,20.72,92,100,3.0,BR,1730336099
270,butembo,0.15,29.2833,14.3,97,100,0.92,CD,1730336100
271,hotan,37.0997,79.9269,9.71,42,54,2.18,CN,1730336101
272,berezovo,63.9381,65.0419,-3.84,93,34,3.42,RU,1730336102
273,kolokani,13.5728,-8.0339,25.78,37,96,2.38,ML,1730336103
274,thief river falls,48.1191,-96.1812,1.96,69,0,3.09,US,1730336105
275,gaziantep,37.0594,37.3825,4.96,49,0,2.57,TR,1730336106
276,bartlesville,36.7473,-95.9808,23.95,83,7,2.68,US,1730336107
277,pacific grove,36.6177,-121.9166,14.81,89,15,1.34,US,1730336108
278,priargunsk,50.3691,119.1012,3.15,74,100,0.62,RU,1730336109
279,morehead city,34.7229,-76.726,20.55,88,0,0.45,US,1730336110
280,onega,63.9061,38.1404,1.71,97,100,4.16,RU,1730336111
281,daru,-9.0763,143.2092,27.28,83,97,5.61,PG,1730336112
282,sao gabriel da cachoeira,-0.1303,-67.0892,26.21,66,53,0.86,BR,1730336114
283,gamba,-2.65,10.0,25.0,86,100,3.25,GA,1730336115
284,howrah,22.5892,88.3103,27.0,94,20,1.54,IN,1730336116
285,devonport,-41.1667,146.35,19.18,51,26,1.79,AU,1730336117
286,kruisfontein,-34.0033,24.7314,11.78,89,0,1.74,ZA,1730336118
287,acajutla,13.5928,-89.8275,26.65,80,99,2.09,SV,1730336119
288,moose jaw,50.4001,-105.5344,3.14,56,20,2.06,CA,1730336120
289,newman,37.3138,-121.0208,19.46,40,4,0.89,US,1730336122
290,udachny,66.4167,112.4,-21.97,100,93,1.66,RU,1730336123
291,masterton,-40.9597,175.6575,16.2,65,77,4.51,NZ,1730336021
292,tazovsky,67.4667,78.7,-5.48,94,100,5.18,RU,1730336125
293,alesund,62.4723,6.1549,7.64,87,100,5.66,NO,1730336126
294,xilin hot,43.9667,116.0333,8.4,75,5,5.69,CN,1730336127
295,sabang,5.8933,95.3214,27.84,70,49,3.87,ID,1730336128
296,durango,24.8333,-104.8333,17.09,39,5,0.4,MX,1730335737
297,ayr,55.4627,-4.6339,12.5,94,100,5.14,GB,1730336131
298,pangody,65.85,74.4859,-6.3,93,97,4.24,RU,1730336132
299,la puebla de montalban,39.863,-4.3592,13.98,75,100,2.4,ES,1730336133
300,vilyuchinsk,52.9306,158.4028,3.15,60,12,11.83,RU,1730336134
301,oranjemund,-28.55,16.4333,15.12,84,0,2.13,NA,1730336135
302,sola,-13.8833,167.55,25.96,82,95,3.92,VU,1730336138
303,rio claro,-22.4114,-47.5614,20.62,72,0,4.32,BR,1730336139
304,santa ana de yacuma,-13.75,-65.4333,30.43,53,99,1.85,BO,1730336140
305,kulhudhuffushi,6.6221,73.07,27.69,74,98,2.08,MV,1730336141
306,mariehamn,60.0973,19.9348,4.92,75,0,2.57,AX,1730336142
307,ternate,0.8,127.4,29.73,65,100,1.01,ID,1730336143
308,ocher,57.8904,54.7202,0.78,84,100,6.13,RU,1730336144
309,punta arenas,-53.15,-70.9167,11.06,58,0,4.12,CL,1730336145
310,luganville,-15.5333,167.1667,26.2,82,100,3.49,VU,1730336148
311,soio,-6.1349,12.3689,24.28,83,100,2.48,AO,1730336149
312,puerto baquerizo moreno,-0.9,-89.6,20.84,82,100,3.39,EC,1730336150
313,bileca,42.8719,18.4297,9.62,73,0,3.02,BA,1730336151
314,swan hill,-35.3378,143.5544,22.47,29,15,5.96,AU,1730336152
315,yuzawa,39.1667,140.5,16.31,63,21,4.15,JP,1730336155
316,enewetak,11.3474,162.3373,28.58,77,19,6.28,MH,1730336156
317,faya-largeau,17.9257,19.1043,21.68,27,4,7.56,TD,1730336157
318,persembe,41.0656,37.7714,10.68,82,17,2.4,TR,1730336158
319,kumagunnam,13.1551,10.6342,23.49,17,100,3.73,NG,1730336159
320,anzio,41.4853,12.6179,17.47,73,0,2.39,IT,1730336160
321,mont-dore,-22.2833,166.5833,27.78,98,0,6.51,NC,1730336163
322,mukharram al fawqani,34.8151,37.0861,15.57,35,48,3.85,SY,1730336164
323,haimen,23.1935,116.6142,22.83,61,100,7.46,CN,1730336165
324,taroudant,30.4703,-8.877,15.54,80,0,0.96,MA,1730336166
325,celestun,20.8667,-90.4,26.35,85,81,4.57,MX,1730336167
326,kalemie,-5.9475,29.1947,20.72,92,100,2.53,CD,1730336168
327,sake,-1.5736,29.045,17.18,92,100,0.81,CD,1730336169
328,wewak,-3.5534,143.6268,30.37,68,23,2.35,PG,1730336170
329,severo-yeniseyskiy,60.3725,93.0408,-16.24,100,100,0.5,RU,1730336172
330,veraval,20.9,70.3667,26.9,55,4,3.21,IN,1730336173
331,mili,6.0815,171.735,28.08,72,100,0.41,MH,1730336174
332,coweta,33.3835,-84.7666,18.92,90,0,0.0,US,1730336175
333,kapoeta,4.7717,33.5903,24.64,63,38,2.84,SS,1730336176
334,ellettsville,39.2339,-86.625,22.33,66,0,3.6,US,1730336177
335,puerto palomas,31.7667,-107.6167,14.78,19,3,5.53,MX,1730336178
336,lanxi,29.2195,119.477,17.83,86,100,1.37,CN,1730336180
337,lerwick,60.1545,-1.1494,11.51,94,100,14.51,GB,1730336181
338,pahrump,36.2083,-115.9839,10.3,22,0,2.13,US,1730336020
339,kadugli,11.0167,29.7167,23.8,27,51,3.06,SD,1730336183
340,atherton,53.5237,-2.4935,10.81,96,100,0.45,GB,1730336184
341,crane,31.3974,-102.3501,23.81,23,16,7.71,US,1730336185
342,ribas do rio pardo,-20.4431,-53.7592,26.06,48,0,2.32,BR,1730336186
343,mount pearl,47.5166,-52.7813,0.74,86,40,1.03,CA,1730336187
344,codrington,-38.2667,141.9667,14.54,65,93,7.73,AU,1730336189
345,basoko,1.2391,23.616,21.89,98,100,1.15,CD,1730336190
346,tatarsk,55.219,75.9828,-1.04,76,12,1.92,RU,1730336192
347,berezovyy,51.6667,135.7,1.95,62,34,0.97,RU,1730336193
348,zhanaozen,43.3,52.8,7.93,92,0,1.23,KZ,1730336194
349,mutuali,-14.8706,37.0044,23.36,54,59,1.44,MZ,1730336196
350,miramichi,47.0043,-65.4654,8.18,92,100,7.07,CA,1730336197
351,pisco,-13.7,-76.2167,18.03,82,0,6.69,PE,1730336198
352,awjilah,29.1081,21.2869,17.57,63,0,4.49,LY,1730336199
353,broken hill,-31.95,141.4333,21.39,38,97,5.32,AU,1730336200
354,hobyo,5.3505,48.5268,26.36,82,25,2.89,SO,1730336201
355,dongola,19.1667,30.4833,19.14,36,0,4.04,SD,1730336202
356,waingapu,-9.6567,120.2641,30.84,66,21,4.7,ID,1730336205
357,selma,36.5708,-119.6121,21.03,39,75,0.0,US,1730336206
358,opuwo,-18.0607,13.84,18.37,27,1,1.32,NA,1730336207
359,tucurui,-3.7661,-49.6725,24.22,85,95,1.15,BR,1730336208
360,nizhnesortymskiy,62.4397,71.7603,-1.88,91,95,3.85,RU,1730336209
361,kirakira,-10.4544,161.9205,27.95,82,58,2.56,SB,1730336210
362,la'ie,21.6477,-157.9253,27.81,79,1,4.02,US,1730336212
363,francistown,-21.17,27.5079,20.79,70,0,8.64,BW,1730336213
364,dobroye,52.8678,39.8109,8.14,78,100,9.0,RU,1730336214
365,chul'man,56.8479,124.9104,-11.97,90,100,0.52,RU,1730336215
366,callao,-12.0667,-77.15,18.73,77,75,4.12,PE,1730336216
367,hurricane,37.1753,-113.2899,13.26,46,5,0.62,US,1730336217
368,kalmunai,7.4167,81.8167,26.17,84,96,2.88,LK,1730336218
369,palu,-0.8917,119.8707,31.87,58,91,1.16,ID,1730336219
370,morondava,-20.2833,44.2833,26.82,77,100,2.8,MG,1730336221
371,ndende,-2.4008,11.3581,22.79,99,100,0.77,GA,1730336222
372,queenstown,-31.8976,26.8753,6.93,92,0,0.94,ZA,1730336223
373,nar'yan-mar,67.6713,53.087,0.59,77,100,8.41,RU,1730336224
374,liwale,-9.7667,37.9333,23.2,79,100,3.45,TZ,1730336225
375,coruripe,-10.1256,-36.1756,24.44,71,0,5.85,BR,1730336226
376,san antonio de pale,-1.4014,5.6325,25.48,83,41,3.6,GQ,1730336227
377,fortaleza,-3.7227,-38.5247,26.79,78,0,3.6,BR,1730336229
378,wanning,18.8003,110.3967,24.91,88,24,3.85,CN,1730336230
379,greater sudbury,46.49,-80.99,15.59,89,100,0.45,CA,1730336231
380,jimma,7.6667,36.8333,16.34,99,100,0.43,ET,1730336233
381,kargil,34.5667,76.1,-2.73,81,4,0.66,IN,1730336234
382,lieksa,63.3167,30.0167,0.23,69,19,9.54,FI,1730336235
383,i-n-salah,27.1935,2.4607,26.8,19,86,3.43,DZ,1730336238
384,natchez,31.5604,-91.4032,26.12,65,0,3.6,US,1730336239
385,swakopmund,-22.6833,14.5333,14.43,85,4,1.79,NA,1730336240
386,cosne-cours-sur-loire,47.3333,3.1667,8.97,82,0,1.81,FR,1730336241
387,badger,64.8,-147.5333,-10.01,84,0,0.0,US,1730336242
388,toliara,-23.35,43.6667,25.78,70,100,2.86,MG,1730336244
389,yuxi,24.355,102.5422,17.38,85,6,0.9,CN,1730336245
390,kaihua,23.3687,104.28,16.77,84,40,0.51,CN,1730336246
391,porto novo,6.4965,2.6036,26.9,90,80,1.61,BJ,1730336247
392,charlestown,-32.95,151.6667,27.88,43,100,3.41,AU,1730336248
393,el calafate,-50.3408,-72.2768,10.3,84,100,3.62,AR,1730336249
394,grenaa,56.4158,10.8783,9.12,92,63,0.45,DK,1730336250
395,merta,26.65,74.0333,22.83,42,0,1.4,IN,1730336251
396,serang,-6.1149,106.1502,29.91,61,100,1.42,ID,1730336253
397,adzope,6.1069,-3.8619,22.7,99,42,0.34,CI,1730336254
398,homer,59.6425,-151.5483,3.94,52,0,3.6,US,1730336116
399,ballina,-28.8667,153.5667,26.48,60,0,3.33,AU,1730336256
400,guanica,17.9716,-66.908,24.99,66,100,1.92,PR,1730336257
401,sinjar,36.3209,41.8754,14.98,20,16,2.14,IQ,1730336258
402,bogotol,56.2078,89.5342,-1.66,96,100,3.97,RU,1730336259
403,haiku-pauwela,20.9219,-156.3051,26.25,75,22,10.73,US,1730336261
404,santa margherita ligure,44.3346,9.212,18.87,82,0,0.89,IT,1730336263
405,djibouti,11.5,42.5,23.58,72,1,5.05,DJ,1730336264
406,las terrenas,19.311,-69.5428,24.19,85,89,4.28,DO,1730336265
407,skovorodino,53.9833,123.9167,-1.78,73,100,1.25,RU,1730336266
408,san nicolas,18.1725,120.5953,26.95,83,100,5.66,PH,1730336267
409,mugia,43.1041,-9.2179,13.28,79,35,4.13,ES,1730336269
410,san agustin de valle fertil,-30.6335,-67.4682,27.63,37,63,7.78,AR,1730336270
411,meadow lake,34.8014,-106.5436,9.88,23,0,5.92,US,1730336271
412,brandfort,-28.7001,26.4597,11.87,55,0,3.33,ZA,1730336272
413,san jose del guaviare,2.5729,-72.6459,23.53,87,29,0.99,CO,1730336273
414,mizdah,31.4451,12.9801,18.21,61,1,2.84,LY,1730336274
415,san-pedro,4.7485,-6.6363,24.81,92,100,1.04,CI,1730336275
416,auki,-8.7676,160.7034,28.22,80,31,2.66,SB,1730336277
417,tamanrasset,22.785,5.5228,18.95,27,0,2.57,DZ,1730336278
418,dhali,10.5,77.1667,22.92,84,98,1.52,IN,1730336279
419,arkhangel'sk,64.5401,40.5433,1.06,100,100,1.0,RU,1730336241
420,san pedro pochutla,15.7333,-96.4667,24.63,88,83,1.75,MX,1730336120
421,vernon,50.2581,-119.2691,8.75,67,100,3.09,CA,1730336120
422,ico,-6.4011,-38.8622,27.18,53,9,4.37,BR,1730336285
423,salqin,36.1381,36.4532,14.82,29,48,0.89,SY,1730336286
424,murghob,38.1702,73.9667,-6.75,61,0,2.95,TJ,1730336287
425,la gi,10.6667,107.7833,26.46,79,100,4.93,VN,1730336288
426,stenungsund,58.0705,11.8181,11.25,82,100,7.98,SE,1730336289
427,el paraiso,13.8667,-86.55,19.75,96,100,1.47,HN,1730336290
428,afaahiti,-17.75,-149.2833,23.04,68,39,6.61,PF,1730336291
429,vlore,40.4667,19.4897,17.48,68,0,2.14,AL,1730336293
430,caleta olivia,-46.4393,-67.5281,13.15,70,100,1.74,AR,1730336294
431,baruun-urt,46.6806,113.2792,3.93,58,75,2.18,MN,1730336295
432,darovskoy,58.77,47.9564,0.28,97,100,6.26,RU,1730336296
433,nema,57.5067,50.5011,2.05,79,100,7.75,RU,1730336297
434,copperas cove,31.1241,-97.9031,28.82,58,0,5.14,US,1730336298
435,kerikeri,-35.2268,173.9474,21.62,60,27,1.34,NZ,1730336299
436,taitung city,22.7583,121.1444,25.15,100,100,13.89,TW,1730336301
437,sabzevar,36.2126,57.6819,11.56,32,6,3.04,IR,1730336302
438,volksrust,-27.3654,29.8818,12.06,81,100,1.87,ZA,1730336303
439,balabac,7.9868,117.0645,29.0,78,100,5.63,PH,1730336304
440,arjawinangun,-6.6453,108.4103,31.15,53,100,1.99,ID,1730336305
441,terralba,39.7192,8.6392,19.01,77,100,3.45,IT,1730336306
442,mangrol,21.1167,70.1167,26.4,51,0,3.54,IN,1730336307
443,ludza,56.55,27.7167,4.73,90,100,4.89,LV,1730336044
444,dryden,49.7833,-92.7503,3.16,60,0,3.6,CA,1730336311
445,taroa,8.7058,171.2275,28.37,76,57,4.32,MH,1730336312
446,wynyard,-41.0,145.7167,18.44,57,5,1.34,AU,1730336313
447,santa elena de uairen,4.6167,-61.1333,23.51,52,100,1.4,VE,1730336315
448,marang,5.2056,103.2059,25.95,82,100,1.31,MY,1730336317
449,aquidauana,-20.4711,-55.7872,30.52,38,56,1.98,BR,1730336318
450,antonio enes,-16.2325,39.9086,24.34,83,73,2.78,MZ,1730336319
451,aleksandrovsk-sakhalinskiy,50.8975,142.1561,2.51,86,100,3.69,RU,1730336320
452,saldanha,-33.0117,17.9442,15.03,81,2,5.17,ZA,1730336321
453,galle,6.0367,80.217,27.74,84,95,2.66,LK,1730336322
454,mirabad,30.4362,61.8383,17.17,30,0,2.83,AF,1730336323
455,igarka,67.4667,86.5833,-15.07,98,100,2.8,RU,1730336325
456,vadso,70.0744,29.7487,-0.91,80,75,8.23,NO,1730336326
457,colonia menno,-22.3667,-59.8167,31.33,35,0,3.61,PY,1730336327
458,fallon,39.4735,-118.7774,11.93,46,75,2.06,US,1730336328
459,hadibu,12.65,54.0333,25.27,70,2,2.17,YE,1730336329
460,karratha,-20.7377,116.8463,35.94,21,2,4.75,AU,1730336330
461,barranca,-10.75,-77.7667,17.28,80,50,3.2,PE,1730336331
462,al hawamidiyah,29.9,31.25,20.44,66,0,2.94,EG,1730336332
463,nahiyat al fuhud,30.9697,46.7228,20.72,46,100,4.02,IQ,1730336334
464,itupiranga,-5.1347,-49.3267,25.72,80,100,1.51,BR,1730336335
465,peterhead,57.5058,-1.7981,10.75,79,100,3.28,GB,1730336336
466,nueva gerona,21.8833,-82.8,27.28,78,100,9.15,CU,1730336337
467,salamanca,40.8333,-6.0,11.28,74,100,3.1,ES,1730336338
468,ilheus,-14.7889,-39.0494,26.9,78,75,2.57,BR,1730336339
469,bariarpur,25.3,86.5833,24.94,71,38,0.79,IN,1730336340
470,okhotsk,59.3833,143.3,-6.37,69,100,8.1,RU,1730336342
471,roswell,34.0232,-84.3616,20.4,85,0,0.0,US,1730336339
472,richards bay,-28.783,32.0377,18.8,84,99,5.04,ZA,1730336344
473,ashland,40.8167,-82.2665,20.15,78,100,4.71,US,1730336345
474,pinotepa nacional,16.3167,-98.0167,24.39,92,38,0.43,MX,1730336346
475,kapa'a,22.0752,-159.319,28.18,76,75,8.75,US,1730336347
476,atkarsk,51.8718,45.0078,3.41,82,100,7.08,RU,1730336348
477,caibarien,22.5206,-79.4669,26.24,78,65,9.07,CU,1730336349
478,cambria,35.5641,-121.0808,15.03,73,7,1.34,US,1730336351
479,mancio lima,-7.6142,-72.8958,27.04,78,0,1.03,BR,1730336353
480,taikang,46.8333,124.4167,8.23,66,10,5.45,CN,1730336354
481,port moresby,-9.4431,147.1797,29.68,66,40,3.6,PG,1730336355
482,quesnel,52.9999,-122.5029,8.28,57,100,6.17,CA,1730336356
483,carbondale,37.7273,-89.2168,22.27,62,0,4.12,US,1730336357
484,tsiombe,-25.3,45.4833,23.97,80,100,1.22,MG,1730336358
485,portland,45.5234,-122.6762,9.79,93,100,3.13,US,1730335800
486,mwene-ditu,-7.0,23.45,19.16,88,100,1.01,CD,1730336361
487,faxinal,-24.0003,-51.3194,20.79,51,4,5.01,BR,1730336362
488,benguela,-12.5763,13.4055,23.33,78,100,1.99,AO,1730336364
489,lazaro cardenas,17.9583,-102.2,27.5,80,89,2.58,MX,1730336113
490,viedma,-40.8135,-62.9967,19.17,76,100,2.04,AR,1730336367
491,weligama,5.9667,80.4167,27.73,87,97,1.98,LK,1730336368
492,zambezi,-13.5432,23.1047,18.25,88,89,0.79,ZM,1730336369
493,kenai,60.5544,-151.2583,1.75,59,0,2.06,US,1730336370
494,vanimo,-2.6741,141.3028,28.97,81,45,1.13,PG,1730336372
495,tongchuanshi,35.0806,109.0897,10.85,92,100,1.36,CN,1730336373
496,abalak,58.1286,68.5944,-2.43,85,18,2.41,RU,1730336374
497,tvoroyri,61.5556,-6.8111,9.29,97,100,3.31,FO,1730336377
498,arkalyk,50.2486,66.9114,1.3,93,100,3.86,KZ,1730336379
499,andrelandia,-21.7397,-44.3092,16.38,95,63,2.05,BR,1730336380
500,carauari,-4.8828,-66.8958,27.18,66,31,1.07,BR,1730336382
501,mitsamiouli,-11.3847,43.2844,26.86,77,9,6.97,KM,1730336383
502,ravar,31.2656,56.8055,14.53,37,33,1.07,IR,1730336384
503,tome acu,-2.4189,-48.1522,24.85,84,100,1.32,BR,1730336385
504,altai,46.3722,96.2583,-5.95,54,8,2.13,MN,1730336386
505,honefoss,60.168,10.2565,4.1,83,100,1.29,NO,1730336387
506,sarina,-21.4333,149.2167,31.26,47,1,5.22,AU,1730336388
507,gilgit,35.9221,74.3087,10.51,55,4,1.34,PK,1730336389
508,astravyets,54.6138,25.9554,7.91,86,100,6.02,BY,1730336391
509,isla mujeres,21.2311,-86.731,25.65,87,100,7.88,MX,1730336392
510,huangyan,28.6478,121.2594,18.31,90,100,2.67,CN,1730336393
511,kuanda,56.3161,116.0806,-6.18,95,88,0.53,RU,1730336395
512,klaksvik,62.2266,-6.589,6.94,92,100,5.8,FO,1730336396
513,buka,40.8108,69.1986,8.63,63,8,1.46,UZ,1730336397
514,karimpur,23.9667,88.6167,26.27,82,92,1.82,IN,1730336400
515,vilhena,-12.7406,-60.1458,22.77,84,90,0.64,BR,1730336401
516,tamiahua,21.2667,-97.45,24.56,92,11,2.79,MX,1730336402
517,cao lanh,10.45,105.6333,28.08,77,22,2.56,VN,1730336403
518,les cayes,18.2,-73.75,26.28,80,50,0.78,HT,1730336404
519,puerto real,36.5282,-6.1901,15.7,100,75,2.57,ES,1730336405
520,katsuura,35.1333,140.3,19.32,60,73,5.59,JP,1730336407
521,okny,47.5404,29.46,11.59,81,99,3.65,UA,1730336408
522,mahibadhoo,3.7833,72.9667,27.81,75,52,3.18,MV,1730336409
523,buritizeiro,-17.3511,-44.9622,21.4,89,100,2.64,BR,1730336410
524,boyolangu,-8.1181,111.8935,28.26,73,59,3.21,ID,1730336411
525,upington,-28.4478,21.2561,17.21,22,0,0.51,ZA,1730336412
526,abu tij,27.0441,31.319,17.77,46,0,3.31,EG,1730336413
527,aitape,-3.1374,142.3475,29.65,73,30,1.4,PG,1730336415
528,santa maria xadani,15.9333,-96.0667,24.26,90,90,1.19,MX,1730336416
529,verdal,63.7933,11.4817,3.57,96,100,2.28,NO,1730336417
530,ust'-barguzin,53.45,108.9833,0.51,77,100,0.55,RU,1730336419
531,aketi,2.7388,23.7833,21.85,100,100,0.25,CD,1730336420
532,lodja,-3.4833,23.4333,21.47,100,100,0.86,CD,1730336421
533,morant bay,17.8815,-76.4093,26.41,88,84,5.64,JM,1730336423
534,smara,26.7384,-11.6719,17.33,62,100,2.92,EH,1730336424
535,lincoln,40.8,-96.667,9.6,93,100,6.17,US,1730336425
536,amahai,-3.3333,128.9167,29.87,65,52,1.78,ID,1730336426
537,saint-francois,46.4154,3.9054,10.38,94,100,1.03,FR,1730336427
538,tralee,52.2704,-9.7026,11.93,91,89,0.93,IE,1730336428
539,chibougamau,49.9168,-74.3659,14.79,94,100,7.2,CA,1730336431
540,murun-kuren,49.6342,100.1625,-5.43,67,15,1.16,MN,1730336432
541,jaisinghnagar,23.7,81.3833,19.55,76,10,1.84,IN,1730336433
542,heunghae,36.1125,129.3522,19.06,63,100,2.45,KR,1730336434
543,belozersk,60.0326,37.7957,1.55,93,100,6.37,RU,1730336435
544,bull savanna,17.8868,-77.5902,25.49,76,37,4.49,JM,1730336436
545,essaouira,31.5125,-9.77,15.72,88,20,2.06,MA,1730336437
546,north ward,-19.2454,146.8075,28.95,51,75,5.14,AU,1730336438
547,hammerfest,70.6634,23.6821,1.25,69,75,8.75,NO,1730336440
548,cheremukhovo,60.3484,59.9851,-0.3,89,91,2.82,RU,1730336441
549,taoudenni,22.6783,-3.9836,27.86,20,100,4.12,ML,1730336442
550,conduaga,8.862,117.4893,29.03,77,100,3.39,PH,1730336443
551,puerto cabezas,14.0351,-83.3888,24.98,90,58,1.84,NI,1730336444
552,urucara,-2.5364,-57.76,30.4,45,100,1.81,BR,1730336445
553,ouesso,1.6136,16.0517,21.43,98,100,0.47,CG,1730336446
554,lata,40.1629,-8.3327,13.02,91,100,2.48,PT,1730336448
555,tefe,-3.3542,-64.7114,29.43,55,100,1.27,BR,1730336449
556,loreto,22.2667,-101.9667,17.7,25,0,2.51,MX,1730336450
557,letpandan,17.7833,95.75,25.53,89,16,1.44,MM,1730336451
558,happy valley-goose bay,53.3168,-60.3315,3.17,87,100,6.17,CA,1730336453
559,newnan,33.3807,-84.7997,18.88,90,84,1.97,US,1730336454
560,novodvinsk,64.4165,40.8122,0.86,98,100,2.97,RU,1730336456
561,saint john,45.2727,-66.0677,8.57,100,100,7.72,CA,1730336402
562,itoman,26.1247,127.6694,30.22,84,75,9.26,JP,1730336458
563,la paz,-16.5,-68.15,9.99,75,75,5.14,BO,1730336220
564,naze,28.3667,129.4833,24.51,89,100,6.34,JP,1730336460
